scenario_id,industry,city,invest_type,year,month,success_score,outlook
1,CLOUD ENTERPRISE MOBILITY PLATFORM,KOCHI,SEED/ANGEL FUNDING,2022,8,0.9733,High
2,SMARTWATCH MAKER,CHANDIGARH,SERIES H,2021,3,0.75,High
3,ENGINEERING SERVICES COMPANY,NW DELHI,EQUITY BASED FUNDING,2024,4,0.96,High
4,RENEWABLE ENERGY SOLUTIONS,AHEMDABAD,PRIVATEEQUITY,2024,2,0.32,Low
5,HYPERLOCAL\\XC2\\XA0 GROCERY DELIVERY SERVICE,\\XC2\\XA0MUMBAI,SEED\\NFUNDING,2025,2,0.7733,High
6,ECOMMERCE RETURNS ETAILER,MISSOURIE,PRIVATE FUNDING,2020,12,0.66,High
7,HOME SERVICES MARKETPLACE,CHEMBUR,UNKNOWN,2020,1,0.85,High
8,ON-DEMAND WASHING & DRY-CLEANING,MENLO PARK,STRUCTURED DEBT,2023,12,0.86,High
9,WEDDING VENUES & VENDORS MARKETPLACE,MUMBAI / GLOBAL,VENTURE ROUND,2025,3,0.65,Medium
10,ONLINE PRODUCT COMPARISON,MUMBAI / UK,BRIDGE ROUND,2024,3,0.5193,Medium
11,QUICK SERVICE RESTAURANT & ONLINE DELIVERY,CHANDIGARH,DEBT-FUNDING,2021,4,0.81,High
12,PEER-TO-PEER MONEY TRANSFER & RECHARGE APP,MISSOURIE,MAIDEN ROUND,2021,10,0.7186,High
13,VOICE CALL INCENTIVIZATION MOBILE APP,SINGAPORE,ANGEL / SEED FUNDING,2023,12,0.3495,Low
14,IT INFRASTRUCTURE & DATA CENTER SERVICES,MISSOURIE,DEBT AND PREFERENCE CAPITAL,2023,8,0.87,High
15,AUTOMOTIVE,PUNE,PRE-SERIES A,2023,2,0.7674,High
16,LOGISTICS SERVICE PLATFORM,AHEMADABAD,DEBT,2025,10,0.78,High
17,VIRTUAL REALITY ACTIVITY BASED LEARNING PLATFORM,KOLKATTA,SEED/ANGEL FUNDING,2021,10,0.6884,High
18,ONLINE MEDICAL DIAGNOSTIC,GURGAON / SFO,EQUITY,2025,4,0.775,High
19,FUND RAISING PLATFORM FOR STARTUPS,TULANGAN,MEZZANINE,2025,7,0.7895,High
20,FMCG,MUMBAI / GLOBAL,SERIES J,2024,2,0.85,High
21,BEAUTY & WELLNESS SERVICES MARKETPLACE,CHENNAI/ SINGAPORE,SEED / ANGLE FUNDING,2020,12,0.67,High
22,ECOMMERCE PLATFORM SOLUTIONS,\\XC2\\XA0NEW DELHI,SINGLE VENTURE,2024,1,0.95,High
23,ONLINE FURNITURE MARKETPLACE,SFO / BANGALORE,ANGEL,2023,8,0.4495,Medium
24,ON-DEMAND LOGISTICS SERVICE,MUMBAI / NY,EQUITY BASED FUNDING,2022,1,0.706,High
25,LOGISTICS TECH,GURUGRAM,SERIES D,2020,11,0.7736,High
26,VIRTUAL REALITY HEADSET CREATOR,\\XC2\\XA0BANGALORE,SERIES H,2021,9,0.62,Medium
27,AUTO,BANGALORE / PALO ALTO,DEBT-FUNDING,2023,2,0.86,High
28,AUTOMATION,KANPUR,PRIVATE\\NEQUITY,2025,8,0.595,Medium
29,CLINICAL GENOMICS PROVIDER,INDIA/US,SERIES J,2025,11,0.8933,High
30,ONLINE LOANS MARKETPLACE,MUMBAI/BENGALURU,SERIES D,2024,3,0.68,High
31,VIDEO STREAMING,AMRITSAR,SEED / ANGLE FUNDING,2025,7,0.3454,Low
32,\\XC2\\XA0ONLINE JEWELLERY STORE,BANGALORE / SFO,MEZZANINE,2021,10,0.66,High
33,ON-DEMAND BEAUTY SERVICE,KERALA,SERIES B,2020,4,0.97,High
34,CITIZENS ENGAGEMENT PLATFORM,AHMEDABAD,SEED\\NFUNDING,2024,7,0.91,High
35,FASHION DISCOVERY PLATFORM,\\XC2\\XA0NEW DELHI,MEZZANINE,2022,4,0.7795,High
36,ONLINE GROCERS,GOA,DEBT AND PREFERENCE CAPITAL,2022,3,0.87,High
37,CAR AGGREGATOR & RETAIL MOBILE APP,DELHI & CAMBRIDGE,ANGEL / SEED FUNDING,2021,9,0.33,Low
38,QSR RESTAURANT CHAIN,DELHI & CAMBRIDGE,SEED/ ANGEL FUNDING,2023,12,0.7433,High
39,HYPERLOCAL ONLINE HOME SERVICES PROVIDER,FARIDABAD,EQUITY BASED FUNDING,2021,7,0.86,High
40,INDUSTRIAL TOOLS MARKETPLACE,SILIGURI,SERIES H,2025,1,0.84,High
41,LOGISTICS,DELHI,INHOUSE FUNDING,2020,3,0.91,High
42,INTERNET OF THINGS PLATFORM,NEW DELHI/ HOUSTON,DEBT FUNDING,2022,9,0.81,High
43,HOTEL BOOKING APP,HARYANA,SERIES B (EXTENSION),2022,10,0.8195,High
44,SALES & PRODUCTIVITY SOFTWARE,CHENNAI/ SINGAPORE,MEZZANINE,2022,6,0.865,High
45,RESTAURANT RESERVATION APP,UDAIPUR,SEED,2020,4,0.38,Low
46,CONSUMER INTERNET,MUMBAI / GLOBAL,FUNDING ROUND,2025,7,0.94,High
47,LOGISTICS AUTOMATION PLATFORM,AHEMDABAD,SERIES F,2020,8,0.7,High
48,CAB BOOKING APP PLATFORM,MENLO PARK,ANGEL / SEED FUNDING,2021,12,0.46,Medium
49,ONLINE PRINTING SERVICES,SEATTLE / BANGALORE,SERIES F,2020,1,0.626,Medium
50,MEDIA,AHEMADABAD,UNKNOWN,2021,6,0.82,High
51,MOBILE CHAT BASED CONCIERGE SERVICE,NEW DELHI / CALIFORNIA,EQUITY BASED FUNDING,2022,1,0.7252,High
52,VIDEO GAMES,HUBLI,SEED,2024,4,0.33,Low
53,PICTURE BASED SOCIAL APP,NEW DELHI/ HOUSTON,PRIVATEEQUITY,2022,1,0.306,Low
54,EDUCATIONAL BOARD GAMES,MENLO PARK,DEBT,2024,3,0.78,High
55,REAL ESTATE MOBILE CRM,MENLO PARK,SERIES E,2022,10,0.69,High
56,ONLINE FOOD DELIVERY,BURNSVILLE,PRIVATE EQUITY ROUND,2023,9,0.3767,Low
57,PROXIMITY MARKETING & MOBILE ADVERTISING PLATFORM,HYDERABAD,PRIVATE,2020,11,0.64,Medium
58,ON-DEMAND MAIDS SERVICE PROVIDER,KARUR,PRIVATE\\NEQUITY,2025,10,0.33,Low
59,PICTURE CREATION & SOCIAL MOBILE APP,BANGALORE / PALO ALTO,PRE SERIES A,2021,9,0.635,Medium
60,ONLINE RENTING PLATFORM,AHEMADABAD,ANGEL,2025,12,0.2767,Low
61,OFF-GRID SOLAR POWER,HARYANA,SERIES B,2022,7,0.8533,High
62,AFFORDABLE HOTEL BOOKING ONLINE,VARANASI,SERIES D,2022,3,0.85,High
63,MEDICAL CONSULTATION & DOCTOR APPOINTMENT BOOKING PLATFORM,CHENNAI/ SINGAPORE,SERIES B (EXTENSION),2023,11,0.8258,High
64,PRIVATE JET BOOKINGS MARKETPLACE,"NEW YORK, BENGALURU",SERIES E,2025,8,0.69,High
65,FOOD & BEVERAGE,US,SEED / ANGEL FUNDING,2022,9,0.5367,Medium
66,HYPERLOCAL MOBILE SERVICES MARKETPLACE,NAGPUR,SERIES D,2024,9,0.8767,High
67,DIGITAL MARKETING SERVICES,NEW DELHI / CALIFORNIA,SERIES B (EXTENSION),2025,5,0.98,High
68,ONLINE EDUCATION MARKETPLACE,BANGALORE / SAN MATEO,DEBT AND PREFERENCE CAPITAL,2022,1,0.87,High
69,PROXIMITY MARKETING & MOBILE ADVERTISING PLATFORM,GOA/HYDERABAD,FUNDING ROUND,2022,3,0.795,High
70,ON-DEMAND LAUNDRY & DRY CLEANING APP,CHEMBUR,VENTURE - SERIES UNKNOWN,2025,6,0.86,High
71,FASHION AND APPAREL,\\XC2\\XA0NEW DELHI,DEBT FUNDING,2022,11,0.7195,High
72,EXPRESS LOCAL DELIVERY PLATFORM,CHANDIGARH,SEED\\NFUNDING,2020,12,0.8549,High
73,ONLINE APPARELS FASHION BRAND,NEW DELHI / US,PRIVATE EQUITY,2023,3,0.83,High
74,ECOMMERCE RETURNS ETAILER,KARNATAKA,PRE-SERIES A,2023,12,0.94,High
75,DIGITAL HEALTHCARE,TARAMANI,VENTURE - SERIES UNKNOWN,2024,6,0.97,High
76,CLINICAL GENOMICS PROVIDER,VARANASI,SERIES F,2024,1,0.92,High
77,HOLIDAY RESORT CHAIN,KOLKATA,SERIES A,2022,12,0.8467,High
78,CONSUMER TECHNOLOGY,MUMBAI / NY,PRIVATE FUNDING,2020,3,0.46,Medium
79,CROSS-CHANNEL CRM PLATFORM,BOSTON,SEED / ANGEL FUNDING,2021,6,0.46,Medium
80,ONLINE REAL ESTATE MARKETPLACE,NAIROBI,SERIES J,2025,8,0.65,Medium
81,PRIVATE JET/ HELICOPTER MARKETPLACE,GOA,VENTURE ROUND,2025,7,0.7233,High
82,PROFESSIONALS & PROJECT SEARCH MARKETPLACE,DELHI,STRUCTURED DEBT,2021,10,0.7833,High
83,WIFI \XE2\X80\X93 FIRST CLOUD COMMUNICATION PLATFORM,VADODARA,SERIES B (EXTENSION),2020,11,0.74,High
84,FINE DINING RESTAURANT CHAIN,KANPUR,SERIES H,2024,10,0.8467,High
85,USED GADGETS BUY / REFURBISHING,DALLAS / HYDERABAD,SERIES D,2021,9,0.8,High
86,MOBILE ACCESSORIES ONLINE STORE,BENGALURU,DEBT AND PREFERENCE CAPITAL,2020,4,0.8052,High
87,SCIENCE LEARNING APP,CALIFORNIA,ANGEL,2025,12,0.26,Low
88,ON-DEMAND LOCAL LOGISTICS PROVIDER,BHOPAL,SEED/ ANGEL FUNDING,2021,2,0.73,High
89,SUSTAINABLE AGRI-INPUTS FIRM,MUMBAI / NY,PRIVATEEQUITY,2022,9,0.2533,Low
90,SMALL BUSINESS FINANCING (NBFC),MUMBAI / NY,PRIVATEEQUITY,2021,10,0.24,Low
91,HYPERLOCAL SERVICES MARKETPLACE,KARNATAKA,STRUCTURED DEBT,2025,6,0.78,High
92,MUSIC STREAMING MOBILE APP,USA,SERIES B (EXTENSION),2024,12,0.95,High
93,PREPAID MOBILE BILL MANAGER APP,AMRITSAR,SERIES H,2023,6,0.86,High
94,INFORMATION TECHNOLOGY,JODHPUR,SERIES D,2023,2,0.7,High
95,PROFESSIONAL HEALTH SERVICES PLATFORM,\\XC2\\XA0BANGALORE,SEED\\NFUNDING,2022,1,0.716,High
96,CONVERSATIONAL COMMERCE MOBILE APP,MUMBAI / NY,PRIVATE EQUITY,2023,10,0.86,High
97,INDOOR NAVIGATION & ANALYTICS SOLUTIONS,USA,SEED / ANGLE FUNDING,2024,7,0.48,Medium
98,CRM / ANALYTICS PLATFORM,BANGALORE / SFO,FUNDING ROUND,2024,1,0.9686,High
99,BFSI,AGRA,VENTURE ROUND,2021,6,0.87,High
100,ONLINE P2P LENDING MARKETPLACE,SILIGURI,SERIES J,2024,5,0.67,High
101,GAMING,MUMBAI,SERIES H,2024,6,0.87,High
102,FINTECH,NAIROBI,FUNDING ROUND,2021,3,0.96,High
103,CAR AGGREGATOR & RETAIL MOBILE APP,LONDON,SEED/ANGEL FUNDING,2025,12,0.8984,High
104,BRANDED FOOD PRODUCTS ONLINE SALES,JODHPUR,SEED\\NFUNDING,2025,4,0.8233,High
105,OFF-GRID SOLAR POWER,PALO ALTO,PRE SERIES A,2021,10,0.95,High
106,MOBILE PAYMENTS APP,"SAN JOSE,",SERIES H,2023,1,0.836,High
107,FOOD & BEVERAGE,TRIVANDRUM,SERIES F,2021,10,0.8267,High
108,USED CAR MARKETPLACE,NEW DELHI / US,SERIES E,2021,4,0.72,High
109,EVENT VENUE BOOKING PLATFORM,BANGALORE / USA,PRIVATE EQUITY,2021,1,0.95,High
110,HYPERLOCAL DEALS MARKETPLACE,\\XC2\\XA0NEW DELHI,CORPORATE ROUND,2021,1,0.5077,Medium
111,DIGITAL MARKETING AUTOMATION SOLUTION,SRINAGAR,PRIVATE EQUITY ROUND,2023,2,0.555,Medium
112,RETAIL,GOA/HYDERABAD,SERIES B (EXTENSION),2024,3,0.8,High
113,MOBILE LEARNING SOLUTIONS,USA,FUNDING ROUND,2022,1,0.7318,High
114,MOBILE COMMERCE FOR FARMERS,HYDERABAD/USA,EQUITY,2022,12,0.77,High
115,HEALTH & FITNESS APP,BENGALURU,FUNDING ROUND,2025,2,0.81,High
116,FOOD,GURUGRAM,PRIVATE\\NEQUITY,2020,10,0.477,Medium
117,VISUAL SEARCH AND DISCOVERY PLATFORM,TARAMANI,SEED / ANGLE FUNDING,2021,10,0.4,Low
118,MOBILE COMMERCE PLATFORM,VARANASI,DEBT AND PREFERENCE CAPITAL,2023,10,0.7495,High
119,ONLINE ED-TECH PLATFORM,\\XC2\\XA0NEW DELHI,EQUITY BASED FUNDING,2024,8,0.8195,High
120,MOBILE FITNESS APP,SILIGURI,PRIVATE FUNDING,2024,9,0.39,Low
121,REWARD POINTS MOBILE APP,BANGALORE / USA,SERIES F,2020,8,0.78,High
122,ECOMMERCE RETURNS ETAILER,US,SERIES D,2023,2,0.85,High
123,CITIZENS ENGAGEMENT PLATFORM,CHENNAI/ SINGAPORE,PRIVATE\\NEQUITY,2025,5,0.3,Low
124,WEALTH MANAGEMENT PLATFORM,KORMANGALA,INHOUSE FUNDING,2020,3,0.7629,High
125,\\XC2\\XA0PREMIUM LOYALTY REWARDS POINT MANAGEMENT,BHUBNESWAR,PRIVATE EQUITY ROUND,2020,6,0.46,Medium
126,LUXURY LABEL,MENLO PARK,PRIVATE EQUITY,2020,4,0.85,High
127,LUXURY GOODS\\XC2\\XA0 SHOPPING PLATFORM,MUMBAI,SINGLE VENTURE,2022,12,0.83,High
128,FOOD SUBSCRIPTION PLATFORM,NEW YORK,SEED/ ANGEL FUNDING,2025,4,0.84,High
129,ONLINE FASHION AGGREGATOR,BHUBANESWAR,CROWD FUNDING,2022,12,0.62,Medium
130,ARTIFICIAL INTELLIGENCE PLATFORM,KOCHI,PRIVATE FUNDING,2023,5,0.7,High
131,DEVELOPER PORTFOLIO SHOWCASE PLATFORM,BHUBANESWAR,SERIES H,2024,5,0.96,High
132,B2B MARKETPLACE FOR INDUSTRIAL GOODS,LUCKNOW,SERIES H,2025,10,0.97,High
133,CUSTOM FURNITURE MARKETPLACE,GURUGRAM,PRIVATE\\NEQUITY,2024,11,0.3753,Low
134,REAL ESTATE INSIGHTS PLATFORM,PALO ALTO,DEBT-FUNDING,2021,10,0.71,High
135,ONLINE CLASSIFIEDS & LISTINGS,BHUBNESWAR,SERIES G,2025,8,0.82,High
136,DOMESTIC HELP AGGREGATION PLATFORM,BANGALORE / SFO,SEED FUNDING ROUND,2021,2,0.7,High
137,ONLINE FOOD-TECH PLATFORM,DELHI-NCR,SERIES F,2025,3,0.77,High
138,QUICK SERVICE RESTAURANT CHAIN,\\XC2\\XA0NEW DELHI,ANGEL,2025,4,0.3995,Low
139,REAL ESTATE FOCUSED TECH PLATFORM,NEW YORK,SEED / ANGEL FUNDING,2024,4,0.42,Medium
140,BUDGET ACCOMMODATION AGGREGATOR,GAYA,PRIVATE EQUITY,2024,12,0.8,High
141,ECOMMERCE DISCOUNT & CASHBACK COUPONS PLATFORM,HYDERABAD,SEED FUNDING ROUND,2021,10,0.722,High
142,ONLINE HOME D\\XC3\\XA9COR MARKETPLACE,HYDERABAD,BRIDGE ROUND,2024,2,0.53,Medium
143,ETHNIC PRODUCT ECOMMERCE,LUCKNOW,PRIVATE EQUITY ROUND,2023,8,0.61,Medium
144,INVESTMENT,HYDERABAD,ANGEL,2022,12,0.33,Low
145,ECOMMERCE PRODUCT SEARCH ENGINE,MUMBAI / NY,SEED / ANGEL FUNDING,2020,6,0.64,Medium
146,CONTENT DISCOVERY & REWARD POINTS PLATFORM,ANDHERI,UNKNOWN,2024,5,0.95,High
147,CAB AGGREGATOR,"SAN JOSE,",EQUITY BASED FUNDING,2023,5,0.6495,Medium
148,REWARD POINTS MOBILE APP,US,PRIVATE EQUITY,2023,9,0.5895,Medium
149,MATERIAL COLLECTION & RECYCLING,JODHPUR,SINGLE VENTURE,2020,1,0.806,High
150,LAST MILE DELIVERY SERVICE,KOLKATTA,BRIDGE ROUND,2020,11,0.6333,Medium
151,AGTECH,NOIDA / SINGAPORE,SERIES B,2025,12,0.96,High
152,MOBILE ACCESSORIES ONLINE STORE,DELHI & CAMBRIDGE,DEBT FUNDING,2021,12,0.68,High
153,REWARD POINTS MOBILE APP,SINGAPORE,DEBT FUNDING,2021,12,0.5295,Medium
154,ECOMMERCE,DELHI & CAMBRIDGE,SEED/ ANGEL FUNDING,2024,9,0.8959,High
155,TELE-SHOPPING / ECOMMERCE,MUMBAI / UK,SEED FUNDING ROUND,2025,1,0.576,Medium
156,EDUCATIONAL BOARD GAMES,GOA/HYDERABAD,PRIVATE EQUITY ROUND,2024,12,0.75,High
157,TRUCK AGGREGATOR & LOGISTICS SERVICE,DELHI-NCR,INHOUSE FUNDING,2025,3,0.83,High
158,FOOD,ANDHERI,PRIVATE,2022,5,0.97,High
159,NON PROFIT ORGANIZATION TO ALLEVIATE POVERTY,BANGALORE / USA,SEED\\NFUNDING,2021,11,0.8721,High
160,ADVERTISING & MARKETING COMMUNITY NETWORKING PLATFORM,GOA/HYDERABAD,ANGEL,2021,1,0.33,Low
161,WASTE MANAGEMENT SOLUTIONS,"SAN JOSE,",SEED / ANGLE FUNDING,2020,6,0.45,Medium
162,\\XC2\\XA0ONLINE JEWELLERY STORE,KARNATAKA,INHOUSE FUNDING,2020,2,0.6034,Medium
163,CLOUD SOFTWARE SOLUTIONS,US,ANGEL,2024,7,0.3595,Low
164,ONLINE FREIGHT SERVICES AGGREGATOR,SURAT,PRE-SERIES A,2024,5,0.7895,High
165,VIRTUAL HEALTH CONSULTATION APP,KOLKATA,PRIVATE\\NEQUITY,2024,5,0.38,Low
166,RIDE SHARING PLATFORM,NOIDA / SINGAPORE,EQUITY,2022,1,0.6745,High
167,CAR & BIKE ECOMMERCE PLATFORM,PUNE,DEBT-FUNDING,2025,1,0.5469,Medium
168,BEAUTY & WELLNESS MOBILE APP,INDORE,INHOUSE FUNDING,2023,1,0.625,Medium
169,ONLINE CAR RENTAL AFFILIATES,GOA,SERIES C,2023,8,0.9233,High
170,ONLINE MARKETPLACE FOR INDUSTRIAL GOODS,DALLAS / HYDERABAD,SERIES C,2025,6,0.88,High
171,VIRTUAL HEALTH CONSULTATION APP,KARUR,FUNDING ROUND,2020,6,0.77,High
172,FAST FOOD CHAIN FRANCHISEE,AMRITSAR,SEED\\NFUNDING,2025,11,0.8248,High
173,MARKETPLACE APP FOR BANGKOK,JODHPUR,PRIVATE\\NEQUITY,2024,5,0.37,Low
174,ONLINE STUDENT & CAMPUS SOCIAL NETWORKING PLATFORM,NW DELHI,SERIES H,2025,12,0.69,High
175,TECH-ENABLED RURAL HEALTHCARE SERVICES,HUBLI,SERIES C,2021,11,0.7957,High
176,MOBILE SERVICES MARKETPLACE,MUMBAI / NY,SERIES C,2023,9,0.9867,High
177,DOCTOR APPOINTMENT BOOKING APP,UDUPI,SEED,2023,7,0.63,Medium
178,CLOUD-BASED HOTEL BOOKING PLATFORM,KERALA,PRE-SERIES A,2024,4,0.77,High
179,CUSTOMER SERVICE PLATFORM,KOZHIKODE,PRE-SERIES A,2021,1,0.665,High
180,ONLINE FINANCE LENDING PLATFORM,SAN FRANCISCO,SEED,2024,2,0.47,Medium
181,"VIRTUAL REALITY, 3D SIMULATION AND STEREOSCOPIC PRODUCTS",KOLKATA,ANGEL / SEED FUNDING,2024,11,0.36,Low
182,B2B MERCHANDIZE PLATFORM,NW DELHI,VENTURE ROUND,2020,7,0.95,High
183,ECOMMERCE LOGISTICS,PUNE / SINGAPORE,SERIES A,2022,6,0.99,High
184,ONLINE FURNITURE ECOMMERCE,AHMEDABAD,SERIES J,2023,8,0.8,High
185,GROCERY RETAIL MOBILE APP,NAIROBI,SERIES B,2022,11,0.8933,High
186,CHARACTER MERCHANDIZE SALES PLATFORM,GOA,PRIVATE EQUITY,2024,5,0.7,High
187,ON-DEMAND DELIVERY SERVICE,SURAT,STRUCTURED DEBT,2024,6,0.87,High
188,MEDICAL TECH INSTRUMENTS,NEW DELHI/ HOUSTON,ANGEL,2024,9,0.48,Medium
189,ONLINE GROCER,SINGAPORE,VENTURE - SERIES UNKNOWN,2021,1,0.836,High
190,BUSINESS IT INTELLIGENCE SERVICES,SINGAPORE,VENTURE,2022,9,0.9,High
191,\\XC2\\XA0ONLINE GROCERY DELIVERY,JODHPUR,PRIVATEEQUITY,2025,11,0.26,Low
192,BANKING ANALYTICS PLATFORM,MUMBAI,PRE-SERIES A,2021,4,0.85,High
193,FOOD AND BEVERAGES,BANGALORE / SAN MATEO,SERIES D,2024,4,0.935,High
194,STARTUP FUNDING MARKETPLACE,JODHPUR,PRIVATEEQUITY,2025,10,0.28,Low
195,AUTO,SEATTLE / BANGALORE,MAIDEN ROUND,2021,10,0.8095,High
196,ONLINE GROCERY PLATFORM,MENLO PARK,DEBT AND PREFERENCE CAPITAL,2022,7,0.83,High
197,TRAVEL SEARCH ENGINE,\\XC2\\XA0GURGAON,VENTURE ROUND,2023,2,0.63,Medium
198,ONLINE FASHION AGGREGATOR,HUBLI,SERIES D,2022,9,0.85,High
199,PRODUCT CUSTOMIZATION PLATFORM,USA,SEED/ ANGEL FUNDING,2021,7,0.61,Medium
200,GESTURE BASED MOBILE DEVELOPMENT,UTTAR PRADESH,PRIVATEEQUITY,2021,12,0.49,Medium
201,ONLINE INSURANCE DISTRIBUTION PLATFORM,BHUBNESWAR,INHOUSE FUNDING,2023,9,0.72,High
202,ONLINE TAILORING SERVICES,BANGALORE / USA,BRIDGE ROUND,2020,2,0.45,Medium
203,CONSUMER GOODS,US/INDIA,VENTURE ROUND,2025,2,0.92,High
204,PRIVATE CLOUD NETWORKS SAAS PLATFORM,BANGALORE / SAN MATEO,SERIES J,2020,12,0.818,High
205,PARENTS FOCUSED WEB CONTENT,INDIA / US,SINGLE VENTURE,2024,6,0.66,High
206,SELFIE MOBILE APP,DALLAS / HYDERABAD,SERIES C,2022,8,0.85,High
207,HOME STAY & ROOM RENTALS PLATFORM,\\XC2\\XA0NEW DELHI,DEBT,2024,9,0.7195,High
208,HEALTH MOBILE APP,KOLKATA,PRIVATEEQUITY,2024,6,0.44,Medium
209,ONLINE TIFFIN SERVICE AGGREGATOR,AHMEDABAD,SEED\\NFUNDING,2022,8,0.88,High
210,CUSTOMER SERVICE,AHEMDABAD,SERIES A,2024,4,0.93,High
211,EVENT VENUE BOOKING PLATFORM,ANDHERI,ANGEL / SEED FUNDING,2023,12,0.2967,Low
212,BUS AGGREGATION AND RENTAL MOBILE APP,AHMEDABAD,MEZZANINE,2025,6,0.92,High
213,PERSONALIZED STYLING PLATFORM,USA/INDIA,ANGEL / SEED FUNDING,2022,8,0.4195,Medium
214,ARTIST / DESIGNER MARKETPLACE,KERALA,VENTURE,2023,5,0.91,High
215,HYPERLOCAL DELIVERY PLATFORM,DALLAS / HYDERABAD,CORPORATE ROUND,2022,4,0.76,High
216,EXCLUSIVE PLATFORM FOR DOCTORS & HEALTHCARE PROFESSIONALS,CALIFORNIA,FUNDING ROUND,2020,10,0.95,High
217,REAL ESTATE ADVISORY,MUMBAI / UK,SERIES G,2024,11,0.63,Medium
218,ONLINE FOOD DELIVERY,US/INDIA,INHOUSE FUNDING,2022,3,0.7895,High
219,RESTAURANT RESERVATION PLATFORM,ANDHERI,EQUITY,2024,7,0.74,High
220,RAILWAYS INFORMATION MOBILE APP,INDIA/US,ANGEL / SEED FUNDING,2024,8,0.45,Medium
221,PUBLIC COMMUTE HELPER APP,SAN FRANCISCO,ANGEL,2024,9,0.3795,Low
222,WIFI \XE2\X80\X93 FIRST CLOUD COMMUNICATION PLATFORM,BANGALORE / SFO,EQUITY BASED FUNDING,2025,7,0.74,High
223,MOBILE COMPRESSION SOFTWARE,TRIVANDRUM,SERIES A,2020,5,0.96,High
224,HOTEL BOOKING APP,MISSOURIE,UNKNOWN,2021,5,0.84,High
225,LAST MINUTE HOTEL BOOKING APP,NW DELHI,DEBT-FUNDING,2021,12,0.87,High
226,ONLINE LOANS MARKETPLACE,AGRA,SERIES J,2025,12,0.738,High
227,INDUSTRIAL TOONS MARKETPLACE,"NEW YORK, BENGALURU",EQUITY BASED FUNDING,2020,5,0.97,High
228,FUND RAISING PLATFORM FOR STARTUPS,MISSOURIE,SEED\\NFUNDING,2022,5,0.8933,High
229,DIGITAL SIGNAL PROCESSING PLATFORM,AMRITSAR,PRIVATE EQUITY,2022,10,0.83,High
230,ONLINE RTI APPLICATION SERVICES,AHMEDABAD,SEED / ANGEL FUNDING,2024,10,0.302,Low
231,CAREER DEVELOPMENT,BOSTON,SERIES J,2025,3,0.86,High
232,PROFESSIONAL SERVICE APPOINTMENT BOOKING SERVICE,HUBLI,SERIES B (EXTENSION),2020,9,0.8233,High
233,DEEP LEARNING CLOUD ALGORITHMS,UDUPI,VENTURE ROUND,2021,5,0.94,High
234,PREMIUM APPAREL SHOPPING PORTAL,VADODARA,SERIES H,2022,6,0.67,High
235,QSR RESTAURANT CHAIN,NAIROBI,DEBT AND PREFERENCE CAPITAL,2022,8,0.7293,High
236,ONLINE MEAT ORDERING PLATFORM,MUMBAI / UK,MEZZANINE,2024,1,0.5045,Medium
237,ONLINE & MOBILE GROCERY STORE,UTTAR PRADESH,SEED FUNDING ROUND,2023,6,0.73,High
238,MULTI-SPORT PROGRAM FOR PRESCHOOLERS,UDUPI,SERIES F,2022,7,0.77,High
239,HEALTH MOBILE APP,NEW DELHI / CALIFORNIA,PRIVATEEQUITY,2021,10,0.4,Low
240,ONLINE FOOD-TECH PLATFORM,NOIDA / SINGAPORE,SERIES B (EXTENSION),2025,6,0.99,High
241,DIGITAL INTELLIGENT LEARNING PLATFORM,JODHPUR,SERIES E,2024,8,0.88,High
242,SKILL TRAINING & PLACEMENT PLATFORM,BHOPAL,SEED/ANGEL FUNDING,2024,4,0.92,High
243,SCIENCE LEARNING APP,AHEMADABAD,SEED FUNDING ROUND,2022,3,0.52,Medium
244,HEALTHCARE,DALLAS / HYDERABAD,TERM LOAN,2022,5,0.85,High
245,REAL ESTATE MOBILE CRM,BANGALORE/ BANGKOK,EQUITY,2025,6,0.74,High
246,SPAM CALL BLOCK APP,CHENNAI,VENTURE ROUND,2021,11,0.7204,High
247,LUXURY GOODS\\XC2\\XA0 SHOPPING PLATFORM,SINGAPORE,INHOUSE FUNDING,2025,2,0.7164,High
248,PRIVATE CLOUD NETWORKS SAAS PLATFORM,VADODARA,TERM LOAN,2023,12,0.68,High
249,INTERFACE DEVELOPMENT PLATFORM FOR GOVERNMENT OFFICIALS,NEW DELHI / CALIFORNIA,CROWD FUNDING,2024,8,0.85,High
250,CRM / ANALYTICS PLATFORM,\\XC2\\XA0BANGALORE,SEED/ ANGEL FUNDING,2021,9,0.96,High
251,BEAUTY & WELLNESS MOBILE APP,DELHI-NCR,MAIDEN ROUND,2020,6,0.92,High
252,WASTE MANAGEMENT SOLUTIONS,CHENNAI,ANGEL,2025,5,0.47,Medium
253,MEDICAL TECH INSTRUMENTS,SINGAPORE,VENTURE - SERIES UNKNOWN,2023,6,0.85,High
254,360-DEGREE VIEW CREATING PLATFORM,MUMBAI / NY,SERIES J,2024,9,0.99,High
255,"HOME HEALTHCARE SERVICES PLATFORM,",BANGALORE / SFO,EQUITY,2023,9,0.905,High
256,CONTENT DISCOVERY & REWARD POINTS PLATFORM,DALLAS / HYDERABAD,SINGLE VENTURE,2022,4,0.96,High
257,ONLINE INSURANCE DISTRIBUTION PLATFORM,SINGAPORE,EQUITY BASED FUNDING,2025,2,0.6945,High
258,END-TO-END LOGISTICS PLATFORM,SRINAGAR,SERIES C,2022,1,0.96,High
259,PROXIMITY MARKETING & MOBILE ADVERTISING PLATFORM,INDIA/SINGAPORE,UNKNOWN,2022,3,0.62,Medium
260,ECOMMERCE DISCOUNT & CASHBACK COUPONS PLATFORM,CHENNAI/ SINGAPORE,SEED / ANGEL FUNDING,2023,6,0.27,Low
261,ONLINE ED-TECH PLATFORM,SFO / BANGALORE,SERIES B (EXTENSION),2020,11,0.9567,High
262,REAL-TIME STOCK DATA PLATFORM,DALLAS / HYDERABAD,SEED/ ANGEL FUNDING,2021,5,0.78,High
263,BEAUTY & LIFESTYLE MOBILE MARKETPLACE,NEW YORK,PRE-SERIES A,2023,9,0.96,High
264,SELF-DRIVEN CAR RENTAL,CALIFORNIA,PRIVATEEQUITY,2023,8,0.2867,Low
265,ONLINE PAYMENT GATEWAY,NEW YORK,ANGEL,2024,7,0.4293,Medium
266,MOBILE SERVICES MARKETPLACE,KOZHIKODE,PRIVATE EQUITY,2025,1,0.6575,High
267,MOBILE MESSAGING ASSISTANT APP,TARAMANI,SEED\\NFUNDING,2022,2,0.83,High
268,VIDEO STREAMING,PUNE,VENTURE ROUND,2021,2,0.64,Medium
269,ONLINE EDUCATION,SURAT,SEED\\NFUNDING,2025,3,0.84,High
270,QSR & ONLINE DELIVERY PORTAL,AGRA,DEBT FUNDING,2024,7,0.76,High
271,PUBLISHING,GOA,EQUITY,2021,3,0.805,High
272,DIGITAL MEDIA,UDUPI,PRIVATE\\NEQUITY,2023,2,0.635,Medium
273,LOGISTICS SOLUTION PROVIDER,TARAMANI,DEBT FUNDING,2020,9,0.7095,High
274,USED GADGETS BUY / REFURBISHING,NAIROBI,SEED,2022,8,0.3533,Low
275,BEAUTY AND WELLNESS MARKETPLACE,USA,BRIDGE ROUND,2022,1,0.3477,Low
276,PERSONAL DIAGNOSTIC MOBILE APP,BANGALORE / SAN MATEO,SERIES C,2022,8,0.9,High
277,BUSINESS IT INTELLIGENCE SERVICES,GOA,VENTURE - SERIES UNKNOWN,2022,4,0.88,High
278,ONLINE DIAGNOSTIC TESTS MARKETPLACE,HARYANA,PRIVATE FUNDING,2025,7,0.2233,Low
279,AEROSPACE,NOIDA / SINGAPORE,DEBT AND PREFERENCE CAPITAL,2020,7,0.84,High
280,CAR & BIKE ECOMMERCE PLATFORM,BURNSVILLE,PRIVATE EQUITY,2023,12,0.8225,High
281,CAB RENTAL MOBILE APP,AHEMADABAD,ANGEL,2024,4,0.3675,Low
282,ONLINE GOURMET FOOD MARKETPLACE,\\XC2\\XA0BANGALORE,ANGEL / SEED FUNDING,2022,7,0.4195,Medium
283,CONTENT-BASED SUBSCRIPTION ECOMMERCE PLATFORM,BELGAUM,PRIVATE EQUITY ROUND,2024,5,0.53,Medium
284,FOOD AND BEVERAGE,TRIVANDRUM,DEBT-FUNDING,2021,5,0.7595,High
285,ONLINE DIAGNOSTIC TESTS MARKETPLACE,SANTA MONICA,UNKNOWN,2020,10,0.8467,High
286,DIGITAL HEALTHCARE,MENLO PARK,VENTURE - SERIES UNKNOWN,2020,2,0.92,High
287,CONSUMER PORTAL,PUNE / US,MAIDEN ROUND,2020,8,0.9368,High
288,FIINANCE,COIMBATORE,SERIES H,2020,6,0.89,High
289,GOVERNMENT TEST PREPARATION PLATFORM,\\XC2\\XA0GURGAON,VENTURE - SERIES UNKNOWN,2023,10,0.8467,High
290,MULTILINGUAL TEST PREPARATION PLATFORM,DELHI-NCR,VENTURE,2021,7,0.7333,High
291,BUS AGGREGATION AND RENTAL MOBILE APP,NEW DELHI/ HOUSTON,PRIVATE,2024,10,0.92,High
292,INTERFACE DEVELOPMENT PLATFORM FOR GOVERNMENT OFFICIALS,INDIA,SERIES G,2021,1,0.81,High
293,RIDE SHARING PLATFORM,COIMBATORE,SERIES G,2021,12,0.788,High
294,PAYMENTS SOLUTION PROVIDER,\\XC2\\XA0BANGALORE,PRIVATEEQUITY,2024,11,0.21,Low
295,HEALTH AND WELLNESS,ANDHERI,SEED FUNDING ROUND,2021,12,0.61,Medium
296,TRAVEL INFORMATION PORTAL,KOLKATA,DEBT AND PREFERENCE CAPITAL,2021,1,0.5799,Medium
297,ONDEMAND\\NMOBILE HANDYMAN SERVICES,MUMBAI / GLOBAL,VENTURE - SERIES UNKNOWN,2021,12,0.87,High
298,IOT,MUMBAI/BENGALURU,SERIES E,2022,10,0.8667,High
299,AUTO INSURANCE ONLINE PLATFORM,CHANDIGARH,EQUITY BASED FUNDING,2022,4,0.8,High
300,CONSUMER INTERNET,MENLO PARK,SERIES H,2022,6,0.99,High
301,CLEAN-TECH,KORMANGALA,VENTURE ROUND,2025,6,1.0,High
302,BRANDED FOOD PRODUCTS ONLINE SALES,KOZHIKODE,SERIES B (EXTENSION),2021,4,0.9,High
303,TRAVEL TECH,CALIFORNIA,PRIVATE EQUITY,2022,4,0.72,High
304,ONLINE CLASSIFIEDS,PUNE / US,VENTURE,2022,2,0.81,High
305,EDUCATIONAL BOARD GAMES,DALLAS / HYDERABAD,ANGEL / SEED FUNDING,2024,9,0.41,Medium
306,SPEECH RECOGNITION SOLUTIONS,HYDERABAD/USA,PRE-SERIES A,2020,9,0.73,High
307,BIG DATA & PREDICTIVE ANALYSIS PLATFORM,INDIA/SINGAPORE,SERIES J,2021,9,0.85,High
308,B2B ECOMMERCE MARKETPLACE,GURUGRAM,BRIDGE ROUND,2021,5,0.56,Medium
309,COMMUNITY DRIVEN NEWS/VIEWS PLATFORM,INDIA/US,SEED\\NFUNDING,2025,2,0.8733,High
310,ONLINE GROCER,BURNSVILLE,SERIES F,2023,11,0.7971,High
311,API WORKFLOW PLATFORM,NOIDA / SINGAPORE,VENTURE ROUND,2023,8,1.0,High
312,HYPERLOCAL ON-DEMAND HOUSEHOLD SERVICES PLATFORM,BANGALORE / SAN MATEO,SERIES A,2024,1,0.86,High
313,SUSTAINABLE AGRI-INPUTS FIRM,USA,PRE SERIES A,2025,8,0.6576,High
314,ONLINE INSURANCE DISTRIBUTION PLATFORM,PUNE/SEATTLE,SEED / ANGEL FUNDING,2023,11,0.44,Medium
315,ONLINE CERTIFICATION COURSES,\\XC2\\XA0NEW DELHI,SEED / ANGLE FUNDING,2021,7,0.51,Medium
316,MARKETPLACE APP FOR BANGKOK,CHENNAI,SEED / ANGLE FUNDING,2024,6,0.27,Low
317,FITNESS TRACKING MANAGEMENT SOLUTIONS,BANGALORE / PALO ALTO,MAIDEN ROUND,2024,7,0.965,High
318,CUSTOMER SERVICE,KANPUR,DEBT FUNDING,2021,11,0.7833,High
319,SUSTAINABLE AGRI-INPUTS FIRM,TARAMANI,PRIVATE,2025,4,0.6476,Medium
320,MATERIAL COLLECTION & RECYCLING,MENLO PARK,STRUCTURED DEBT,2020,8,0.84,High
321,PREPAID MOBILE BILL MANAGER APP,MISSOURIE,VENTURE,2021,3,0.64,Medium
322,E-COMMERCE,HYDERABAD/USA,SEED / ANGLE FUNDING,2023,7,0.4733,Medium
323,ONLINE GROCERY STORE,AHMEDABAD,SEED/ANGEL FUNDING,2025,9,0.94,High
324,LUXURY LABEL,PUNE/SEATTLE,SERIES B (EXTENSION),2024,10,0.9467,High
325,COMMUNITY DRIVEN NEWS/VIEWS PLATFORM,NAGPUR,SERIES D,2021,2,0.94,High
326,MOBILE BASED POS SOLUTION,BENGALURU,INHOUSE FUNDING,2021,3,0.8,High
327,B2B ECOMMERCE MARKETPLACE,JAIPUR,SEED/ANGEL FUNDING,2025,1,0.87,High
328,ONLINE & MOBILE CLASSIFIED LISTINGS,MUMBAI / GLOBAL,UNKNOWN,2020,8,0.87,High
329,TRAVEL GUIDE MOBILE APP,BANGALORE / USA,SEED\\NFUNDING,2020,7,0.91,High
330,HYPERLOCAL ONLINE HOME SERVICES PROVIDER,AMRITSAR,ANGEL,2025,1,0.3,Low
331,ACCOUNTING,INDORE,MAIDEN ROUND,2025,2,0.69,High
332,HYPER-LOCAL ONLINE/MOBILE GROCERY,BOSTON,SERIES F,2020,1,0.84,High
333,ONLINE USER ENGAGEMENT PLATFORM,BHOPAL,SEED,2023,12,0.3734,Low
334,ECOMMERCE PLATFORM,HARYANA,SERIES F,2022,12,0.8833,High
335,SOLAR PRODUCTS AND SERVICES MARKETPLACE,HYDERABAD,VENTURE - SERIES UNKNOWN,2022,2,0.66,High
336,DIAGNOSTIC LABS AGGREGATOR PLATFORM,NEW YORK,CORPORATE ROUND,2022,8,0.79,High
337,REAL ESTATE MOBILE CRM,TARAMANI,VENTURE,2025,10,0.65,Medium
338,CLUD BASED LEARNING PLATFORM,UNKNOWN,SEED / ANGLE FUNDING,2020,1,0.66,High
339,ONLINE FASHION AGGREGATOR,AHEMDABAD,DEBT,2024,5,0.89,High
340,BEAUTY AND WELLNESS MARKETPLACE,JODHPUR,PRIVATE\\NEQUITY,2020,9,0.46,Medium
341,CLINICAL GENOMICS PROVIDER,CALIFORNIA,STRUCTURED DEBT,2022,2,0.88,High
342,BIG DATA ANALYTICS PLATFORM,BHUBNESWAR,SEED,2022,3,0.42,Medium
343,WEB CONTENT PUBLISHING,SILIGURI,DEBT-FUNDING,2023,5,0.6695,High
344,PICTURE BASED SOCIAL APP,BANGALORE/ BANGKOK,SINGLE VENTURE,2022,11,0.7804,High
345,ONLINE JOB SKILLS SHOWCASE,BANGALORE / SFO,BRIDGE ROUND,2020,2,0.43,Medium
346,HYPERLOCAL HANDYMAN SERVICES,INDIA / US,DEBT-FUNDING,2020,5,0.85,High
347,LUXURY APPAREL RENTAL,MENLO PARK,SERIES C,2023,6,0.95,High
348,HYPERLOCAL FOOD & GROCERY STORE,AMRITSAR,SEED / ANGLE FUNDING,2021,6,0.34,Low
349,AUTORICKSHAW AGGREGATOR & BOOKING PLATFORM,MISSOURIE,INHOUSE FUNDING,2023,5,0.89,High
350,P2P PRE-OWNED GOODS MARKETPLACE,HYDERABAD/USA,VENTURE,2025,3,0.66,High
351,SMALL BUSINESS FINANCING (NBFC),NAIROBI,SERIES J,2021,8,0.65,Medium
352,TRAVEL INFORMATION PORTAL,GOA/HYDERABAD,DEBT,2022,8,0.81,High
353,CHAIN OF TEA CAF\\XC3\\XA9\\XE2\\X80\\X99S,UDUPI,SINGLE VENTURE,2024,11,0.93,High
354,ONLINE MOVIE REVIEW PLATFORM,SILIGURI,STRUCTURED DEBT,2023,11,0.63,Medium
355,MOBILE FOOD ORDERING APP,MISSOURIE,DEBT AND PREFERENCE CAPITAL,2024,11,0.75,High
356,ONLINE MOVIE REVIEW PLATFORM,LUCKNOW,SERIES A,2021,10,0.75,High
357,RESTAURANT RESERVATION APP,\\XC2\\XA0GURGAON,SEED\\NFUNDING,2021,4,0.77,High
358,FOOD CUSTOMER ANALYTICS PLATFORM,PUNE,INHOUSE FUNDING,2024,12,0.9295,High
359,HEALTHCARE MOBILE APP,NAGPUR,SERIES B,2024,11,0.8767,High
360,CONSUMER INTERNET,VARANASI,PRE-SERIES A,2021,12,0.7895,High
361,NEW CURATION MOBILE APP,SFO / BANGALORE,VENTURE,2022,6,0.86,High
362,ON-DEMAND HANDYMAN SERVICES,FARIDABAD,DEBT AND PREFERENCE CAPITAL,2021,9,0.9,High
363,EXAM PREPARATION PLATFORM,UNKNOWN,SEED/ ANGEL FUNDING,2023,5,0.92,High
364,GOVERNMENT TEST PREPARATION PLATFORM,NEW DELHI / CALIFORNIA,PRIVATE EQUITY ROUND,2023,2,0.56,Medium
365,HYPER-LOCAL ONLINE/MOBILE GROCERY,SRINAGAR,PRE-SERIES A,2023,6,0.7895,High
366,MARKETPLACE APP FOR BANGKOK,BANGALORE / USA,ANGEL,2025,10,0.3,Low
367,CONVERSATIONAL COMMERCE MOBILE APP,PUNE/SEATTLE,MAIDEN ROUND,2024,12,0.7895,High
368,REWARD POINTS MOBILE APP,US,FUNDING ROUND,2024,11,0.5876,Medium
369,AUTOMATION,ANDHERI,VENTURE ROUND,2022,11,0.9233,High
370,ONLINE REAL ESTATE MARKETPLACE,SEATTLE / BANGALORE,SEED / ANGLE FUNDING,2021,2,0.44,Medium
371,HEALTH & FITNESS APP,AHMEDABAD,PRE-SERIES A,2022,9,0.855,High
372,B2B ECOMMERCE MARKETPLACE,BHOPAL,SEED/ANGEL FUNDING,2024,11,0.9534,High
373,CROWD FUNDING PLATFORM,JODHPUR,MAIDEN ROUND,2023,6,0.7758,High
374,ON DEMAND MOBILE APP DEVELOPER,DELHI,BRIDGE ROUND,2020,12,0.56,Medium
375,MOVIE-ON-DEMAND PLATFORM,SURAT,SEED/ANGEL FUNDING,2024,5,0.95,High
376,CAB SHARING SERVICE MOBILE APP,ANDHERI,PRIVATE EQUITY,2020,5,0.86,High
377,LOGISTICS INTELLIGENCE,AGRA,SERIES G,2021,3,0.73,High
378,\\XC2\\XA0NEWS AGGREGATOR MOBILE APP,CHENNAI/ SINGAPORE,FUNDING ROUND,2021,12,0.6,Medium
379,END TO END REVERSE LOGISTICS SOLUTION PLATFORM,DELHI,DEBT FUNDING,2023,9,0.915,High
380,REAL ESTATE FOCUSED TECH PLATFORM,TARAMANI,DEBT FUNDING,2022,2,0.569,Medium
381,EDUCATION CONTENT PROVIDER,AHEMDABAD,SEED/ANGEL FUNDING,2023,5,0.865,High
382,ONLINE INSURANCE AGGREGATOR,MISSOURIE,BRIDGE ROUND,2023,9,0.62,Medium
383,TECH ENABLED LOGISTICS PLATFORM,PUNE,DEBT AND PREFERENCE CAPITAL,2020,12,0.5895,Medium
384,TELE-SHOPPING / ECOMMERCE,BANGALORE / SFO,SERIES G,2020,12,0.818,High
385,SUPPLY CHAIN & LOGISTICS SOLUTIONS,AHEMADABAD,SEED,2022,1,0.37,Low
386,BUDGET HOTEL ACCOMMODATION,CHANDIGARH,PRIVATE,2025,2,0.75,High
387,IT / CUSTOMER ENGAGEMENT CONSULTING,TULANGAN,SERIES G,2022,9,0.8067,High
388,CLOUD DATA INTEGRATION PLATFORM,INDIA,DEBT FUNDING,2022,6,0.7233,High
389,SELF-STORAGE SPACES,SFO / BANGALORE,SINGLE VENTURE,2020,12,0.68,High
390,B2B-FOCUSED FOODTECH STARTUP,GOA,MEZZANINE,2025,6,0.8933,High
391,CHAIN OF TEA CAF\\XC3\\XA9\\XE2\\X80\\X99S,CALIFORNIA,SERIES B (EXTENSION),2021,8,0.98,High
392,FINANCIAL PRODUCTS LEAD GENERATION PLATFORM,UDUPI,ANGEL / SEED FUNDING,2020,1,0.3477,Low
393,TRAVEL COMMUNITY PLATFORM,PANAJI,SEED\\NFUNDING,2020,4,0.78,High
394,RENTAL ACCOMODATION FINDER,CHEMBUR,SERIES H,2021,6,0.82,High
395,CASUAL DATING APP,JAIPUR,MEZZANINE,2021,10,0.89,High
396,MOBILE MARKETING AUTOMATION PLATFORM,KARNATAKA,SERIES J,2022,3,0.79,High
397,PROFESSIONAL CUSTOM CREATORS MARKETPLACE,ANDHERI,DEBT-FUNDING,2025,9,0.635,Medium
398,INTERNET OF THINGS PLATFORM,TULANGAN,SERIES B,2020,2,0.8,High
399,SPORTS MANAGEMENT & PHYSICAL EDUCATION BUSINESS,BANGALORE / SAN MATEO,DEBT FUNDING,2021,12,0.486,Medium
400,HOTEL BOOKING APP,SAN FRANCISCO,VENTURE ROUND,2022,7,0.8,High
401,ON DEMAND MOBILE APP DEVELOPER,SAN FRANCISCO,PRE SERIES A,2023,6,0.7895,High
402,HOME SERVICES MARKETPLACE,CHEMBUR,SEED / ANGLE FUNDING,2022,9,0.3,Low
403,SMART SAFETY WEARABLE DEVICES,\\XC2\\XA0BANGALORE,MAIDEN ROUND,2022,2,0.5784,Medium
404,AGTECH,SEATTLE / BANGALORE,FUNDING ROUND,2024,9,0.8095,High
405,HIRING ANALYTICS PLATFORM,BURNSVILLE,VENTURE - SERIES UNKNOWN,2023,8,0.85,High
406,TECH ENABLED AC BUS SERVICE,KOLKATA,SERIES B,2022,12,0.75,High
407,PARENTS & KIDS ONLINE PLATFORM,NEW DELHI/ HOUSTON,PRIVATE,2022,6,0.7379,High
408,ONLINE MARKETPLACE,UDAIPUR,SINGLE VENTURE,2022,3,0.63,Medium
409,SPLITTING BILLS MOBILE APP,GURUGRAM,SEED/ANGEL FUNDING,2025,1,0.7894,High
410,HYPERLOCAL HANDYMAN SERVICES,KARNATAKA,SEED\\NFUNDING,2024,10,0.7884,High
411,ARTIFICIAL INTELLIGENCE ECOMMERCE CHATBOT,CALIFORNIA,SERIES F,2023,12,0.96,High
412,IOT ENERGY MANAGEMENT ANALYTICS PLATFORM,CALIFORNIA,SEED,2021,1,0.49,Medium
413,PHOTOGRAPHER ONLINE SEARCH & BOOKING PLATFORM,VARANASI,SERIES E,2021,5,0.7,High
414,ONLINE FOOD ORDERING,US/INDIA,ANGEL / SEED FUNDING,2021,4,0.4295,Medium
415,"VIRTUAL REALITY, 3D SIMULATION AND STEREOSCOPIC PRODUCTS",HYDERABAD,STRUCTURED DEBT,2022,3,0.66,High
416,ECOMMERCE MARKETPLACE,BELGAUM,BRIDGE ROUND,2024,2,0.53,Medium
417,ONLINE MARKETPLACE FOR PHOTOGRAPHERS,CHANDIGARH,MEZZANINE,2020,3,0.77,High
418,\\XC2\\XA0ONLINE GROCERY DELIVERY,BANGALORE / SAN MATEO,SERIES E,2025,7,0.82,High
419,HEALTHY FOOD MANUFACTURER,INDIA/US,MAIDEN ROUND,2025,2,0.745,High
420,LAST MILE TRANSPORTATION,HARYANA,CROWD FUNDING,2025,9,0.775,High
421,HOTEL BOOKING APP,MISSOURIE,VENTURE ROUND,2025,8,0.83,High
422,FASHION DISCOVERY PLATFORM,SILIGURI,PRIVATE EQUITY ROUND,2021,7,0.5695,Medium
423,DEEP LEARNING CLOUD ALGORITHMS,SILIGURI,SEED/ ANGEL FUNDING,2021,3,0.81,High
424,FASHION,AMRITSAR,ANGEL,2023,8,0.34,Low
425,REWARD POINTS MOBILE APP,INDORE,PRIVATE\\NEQUITY,2022,10,0.32,Low
426,SOCIAL PLATFORM FOR TRADERS AND INVESTORS,BENGALURU AND GURUGRAM,PRE SERIES A,2021,10,0.61,Medium
427,INVESTMENT,AGRA,CROWD FUNDING,2023,8,0.82,High
428,"SAAS, ECOMMERCE",PALO ALTO,ANGEL,2020,6,0.4493,Medium
429,HASBRO TOY MANUFACTURER,\\XC2\\XA0GURGAON,SERIES F,2024,12,0.8167,High
430,DIGITAL SIGNAL PROCESSING PLATFORM,KARNATAKA,UNKNOWN,2023,6,0.98,High
431,PREPAID MOBILE BILL MANAGER APP,MUMBAI,PRIVATE EQUITY ROUND,2021,2,0.3475,Low
432,ONLINE FOOD DELIVERY,HARYANA,PRIVATE EQUITY ROUND,2021,1,0.486,Medium
433,CONTENT-BASED SUBSCRIPTION ECOMMERCE PLATFORM,GURUGRAM,DEBT,2024,5,0.7,High
434,BIG DATA & ANALYTICS PLATFORM,NEW DELHI / US,SERIES B (EXTENSION),2020,3,0.85,High
435,ELECTRONIC GOODS RECYCLING SERVICE,BELGAUM,STRUCTURED DEBT,2023,5,0.9267,High
436,FINANCIAL PRODUCTS LEAD GENERATION PLATFORM,SFO / BANGALORE,TERM LOAN,2025,2,0.86,High
437,ENTERPRISE MARKETING AUTOMATION PLATFORM,KARUR,SEED/ANGEL FUNDING,2020,7,0.9317,High
438,EVENT VENUE BOOKING PLATFORM,KOZHIKODE,VENTURE ROUND,2022,2,0.89,High
439,MOBILE MARKETING AUTOMATION PLATFORM,HUBLI,PRIVATE EQUITY ROUND,2025,4,0.408,Medium
440,"HYPERLOCAL MAINTENANCE, REPAIR & CLEANING SERVICES",KARUR,STRUCTURED DEBT,2023,7,0.69,High
441,AFFORDABLE EDUCATION,"SAN JOSE,",ANGEL,2024,6,0.4195,Medium
442,ONLINE FOOD-TECH PLATFORM,SANTA MONICA,VENTURE ROUND,2021,1,0.846,High
443,HOME MADE FOOD MARKETPLACE,SINGAPORE,TERM LOAN,2021,2,0.78,High
444,DEEP LEARNING CLOUD ALGORITHMS,DALLAS / HYDERABAD,DEBT FUNDING,2020,12,0.88,High
445,INDIAN ETHNIC CRAFTS ETAILER,JAIPUR,CORPORATE ROUND,2020,1,0.555,Medium
446,DELIVERY & LOGISTICS SERVICE PROVIDER,GAYA,PRE SERIES A,2025,5,0.78,High
447,HOME COOKED FOOD ORDER & DELIVERY PLATFORM,NEW DELHI / US,SINGLE VENTURE,2021,12,0.8467,High
448,SOCIAL MEDIA,NEW DELHI/ HOUSTON,DEBT-FUNDING,2020,9,0.71,High
449,CAREER DEVELOPMENT,KANPUR,INHOUSE FUNDING,2020,5,0.81,High
450,ORGANIC FOOD ECOMMERCE,GAYA,SINGLE VENTURE,2022,4,0.8433,High
451,PICTURE BASED SOCIAL APP,USA/INDIA,VENTURE - SERIES UNKNOWN,2023,6,0.68,High
452,APP BASED BUS POOLING SERVICES,NEW DELHI/ HOUSTON,SERIES C,2021,9,1.0,High
453,GREY COLLAR JOB BOARD,ROURKELA,VENTURE,2022,1,0.88,High
454,HYPERLOCAL\\XC2\\XA0 GROCERY DELIVERY SERVICE,KOLKATTA,DEBT AND PREFERENCE CAPITAL,2020,5,0.89,High
455,REAL ESTATE BROKER NETWORK APP,MUMBAI/BENGALURU,FUNDING ROUND,2021,7,0.7779,High
456,DATA DRIVEN RECRUITMENT RECOMMENDATION,CHANDIGARH,PRIVATE EQUITY,2023,9,0.82,High
457,MOBILE COMMERCE FOR FARMERS,KARNATAKA,SERIES B,2020,3,0.87,High
458,CLOUD DATA INTEGRATION PLATFORM,SINGAPORE,EQUITY BASED FUNDING,2022,8,0.7495,High
459,PRICE COMPARISON,PUNE,EQUITY,2021,9,0.7381,High
460,ACCOUNTING,"SAN JOSE,",SEED / ANGLE FUNDING,2021,6,0.74,High
461,PRIVATE LABEL LINGERIE ECOMMERCE,TARAMANI,SEED / ANGLE FUNDING,2020,12,0.48,Medium
462,CUSTOM FURNITURE MARKETPLACE,UNKNOWN,SERIES F,2023,4,0.92,High
463,WEDDING VENUES & VENDORS MARKETPLACE,INDIA/SINGAPORE,PRIVATE\\NEQUITY,2025,2,0.37,Low
464,IOT ENERGY MANAGEMENT ANALYTICS PLATFORM,INDIA/SINGAPORE,VENTURE,2024,7,0.57,Medium
465,PREPAID BILL MANAGER APP,PUNE / SINGAPORE,VENTURE ROUND,2024,12,0.69,High
466,MACHINE LEARNING PLATFORM,COIMBATORE,SERIES E,2022,3,0.7,High
467,WEDDING VENUES & VENDORS MARKETPLACE,NEW DELHI / CALIFORNIA,PRIVATE FUNDING,2024,6,0.37,Low
468,WOMEN LIFESTYLE MARKETPLACE,GURGAON / SFO,MAIDEN ROUND,2024,4,0.815,High
469,LAST MILE DELIVERY SERVICE,KOCHI,VENTURE - SERIES UNKNOWN,2022,12,0.79,High
470,HEALTH-TECH PLATFORM,BANGALORE / SAN MATEO,PRE SERIES A,2021,4,0.9142,High
471,RESTAURANT MANAGEMENT PLATFORM,BOSTON,ANGEL / SEED FUNDING,2020,4,0.3567,Low
472,CASUAL DATING APP,SILIGURI,SEED\\NFUNDING,2022,7,0.9333,High
473,INNOVATIVE WATER SOLUTIONS,\\XC2\\XA0MUMBAI,EQUITY,2024,7,0.7795,High
474,HOME MEDICAL CARE SERVICES,INDIA / US,STRUCTURED DEBT,2023,4,0.8,High
475,NUMERICAL COMPUTING & DATA SCIENCE PLATFORM,BANGALORE / PALO ALTO,ANGEL,2023,8,0.27,Low
476,SCIENCE LEARNING APP,\\XC2\\XA0BANGALORE,VENTURE ROUND,2022,7,0.62,Medium
477,CONTENT MANAGEMENT SOFTWARE SOLUTIONS,CHANDIGARH,PRIVATEEQUITY,2023,9,0.29,Low
478,ARTIST / DESIGNER MARKETPLACE,BANGALORE / SFO,MEZZANINE,2021,8,0.97,High
479,LIFESTYLE,INDIA / US,DEBT FUNDING,2020,10,0.76,High
480,HEALTHCARE CONSULTING PLATFORM,NEW DELHI / CALIFORNIA,SEED,2022,4,0.53,Medium
481,BIG DATA & ANALYTICS SERVICES,HYDERABAD,EQUITY,2020,2,0.57,Medium
482,REWARD POINTS MOBILE APP,NOIDA / SINGAPORE,SERIES B (EXTENSION),2021,5,0.78,High
483,SELF DRIVEN CAR RENTAL,KARNATAKA,SERIES D,2023,2,0.63,Medium
484,RESTAURANT RESERVATION PLATFORM,CHANDIGARH,PRE-SERIES A,2025,5,0.77,High
485,REAL ESTATE BROKER NETWORK APP,GURUGRAM,SEED/ ANGEL FUNDING,2022,10,0.72,High
486,ORGANIC FOOD ETAILER,PANAJI,SEED / ANGEL FUNDING,2021,3,0.37,Low
487,FOOD LOGISTICS & DELIVERY,"SAN JOSE,",PRIVATE,2022,10,0.7995,High
488,LAST MILE LOGISTICS,HYDERABAD,SINGLE VENTURE,2020,11,0.7036,High
489,GROCERY DELIVERY PLATFORM,MISSOURIE,VENTURE - SERIES UNKNOWN,2022,4,0.86,High
490,ENTERTAINMENT,USA/INDIA,STRUCTURED DEBT,2024,4,0.91,High
491,TRANSPORTATION & LOGISTICS PLATFORM,USA,SERIES B (EXTENSION),2023,3,0.67,High
492,BUDGET HOTEL ACCOMMODATION BRAND,BANGALORE / SAN MATEO,SERIES B (EXTENSION),2022,6,0.9,High
493,MOBILE HEALTH TECH,UTTAR PRADESH,CORPORATE ROUND,2024,1,0.5032,Medium
494,PUBLIC COMMUTE HELPER APP,MISSOURIE,CROWD FUNDING,2023,11,0.57,Medium
495,DIGITAL MARKETING AUTOMATION SOLUTION,CHANDIGARH,DEBT FUNDING,2025,8,0.87,High
496,ONLINE PHARMACY,NAIROBI,UNKNOWN,2024,10,0.67,High
497,FOOD DELIVERY PLATFORM,SANTA MONICA,DEBT,2021,7,0.7495,High
498,E-COMMERCE & M-COMMERCE PLATFORM,AHEMADABAD,SERIES G,2020,3,0.88,High
499,INTERACTIVE EDUCATIONAL GAMES,SEATTLE / BANGALORE,SEED\\NFUNDING,2023,8,0.8384,High
500,REAL-TIME STOCK DATA PLATFORM,INDIA/US,SERIES E,2024,9,0.6,Medium
